Project,Type,FileName,FileExt,Parent Directory,Relative Path,Voc URI
GLAD7 (Malawi),Unknown,-1B -1C section list.doc,.doc,GLAD7 (Malawi)/,GLAD7 (Malawi)/-1B -1C section list.doc,
GLAD7 (Malawi),Unknown,1B Log Data.pdf,.pdf,GLAD7 (Malawi)/,GLAD7 (Malawi)/1B Log Data.pdf,
GLAD7 (Malawi),Unknown,1C 1m sample interval.xls,.xls,GLAD7 (Malawi)/,GLAD7 (Malawi)/1C 1m sample interval.xls,
GLAD7 (Malawi),Unknown,2A-2B Composite.pdf,.pdf,GLAD7 (Malawi)/,GLAD7 (Malawi)/2A-2B Composite.pdf,
GLAD7 (Malawi),Unknown,2A-2B Depth.xls,.xls,GLAD7 (Malawi)/,GLAD7 (Malawi)/2A-2B Depth.xls,
GLAD7 (Malawi),Unknown,CC checklist.doc,.doc,GLAD7 (Malawi)/,GLAD7 (Malawi)/CC checklist.doc,
GLAD7 (Malawi),Unknown,GLAD 7   MAL05 1D smear slides.doc,.doc,GLAD7 (Malawi)/,GLAD7 (Malawi)/GLAD 7   MAL05 1D smear slides.doc,
GLAD7 (Malawi),Unknown,GLAD7 1B 1C section list.xls,.xls,GLAD7 (Malawi)/,GLAD7 (Malawi)/GLAD7 1B 1C section list.xls,
GLAD7 (Malawi),Unknown,GLAD7 CC mblf.xls,.xls,GLAD7 (Malawi)/,GLAD7 (Malawi)/GLAD7 CC mblf.xls,
GLAD7 (Malawi),Unknown,GLAD7 Core InventoryLRC.xls,.xls,GLAD7 (Malawi)/,GLAD7 (Malawi)/GLAD7 Core InventoryLRC.xls,
GLAD7 (Malawi),Unknown,GLAD7 Core InventoryWholeCoreMSCL.xls,.xls,GLAD7 (Malawi)/,GLAD7 (Malawi)/GLAD7 Core InventoryWholeCoreMSCL.xls,
GLAD7 (Malawi),Unknown,GLAD7-MAL05 section import file4.xls,.xls,GLAD7 (Malawi)/,GLAD7 (Malawi)/GLAD7-MAL05 section import file4.xls,
GLAD7 (Malawi),Unknown,GLAD7-cc_working.xls,.xls,GLAD7 (Malawi)/,GLAD7 (Malawi)/GLAD7-cc_working.xls,
GLAD7 (Malawi),Unknown,GLAD7-metadata.xls,.xls,GLAD7 (Malawi)/,GLAD7 (Malawi)/GLAD7-metadata.xls,
GLAD7 (Malawi),Unknown,GLAD71C2A2Bcorrectedmblf.xls,.xls,GLAD7 (Malawi)/,GLAD7 (Malawi)/GLAD71C2A2Bcorrectedmblf.xls,
GLAD7 (Malawi),Unknown,GLAD7samples1C2A2Bmblf.xls,.xls,GLAD7 (Malawi)/,GLAD7 (Malawi)/GLAD7samples1C2A2Bmblf.xls,
GLAD7 (Malawi),Unknown,GLAD7samplesMBLF.xls,.xls,GLAD7 (Malawi)/,GLAD7 (Malawi)/GLAD7samplesMBLF.xls,
GLAD7 (Malawi),Unknown,JK Malawi budget.psd,.psd,GLAD7 (Malawi)/,GLAD7 (Malawi)/JK Malawi budget.psd,
GLAD7 (Malawi),Unknown,Malawi Contacts and Safety - updated 23 Dec 04.xls,.xls,GLAD7 (Malawi)/,GLAD7 (Malawi)/Malawi Contacts and Safety - updated 23 Dec 04.xls,
GLAD7 (Malawi),Unknown,Malawi smear slides 129E-3 through 132E-2.doc,.doc,GLAD7 (Malawi)/,GLAD7 (Malawi)/Malawi smear slides 129E-3 through 132E-2.doc,
GLAD7 (Malawi),Unknown,Malawi_AMS.xls,.xls,GLAD7 (Malawi)/,GLAD7 (Malawi)/Malawi_AMS.xls,
GLAD7 (Malawi),Unknown,Site 1 Log Data.pdf,.pdf,GLAD7 (Malawi)/,GLAD7 (Malawi)/Site 1 Log Data.pdf,
GLAD7 (Malawi),Unknown,Syracuse newspaper clipping.pdf,.pdf,GLAD7 (Malawi)/,GLAD7 (Malawi)/Syracuse newspaper clipping.pdf,
GLAD7 (Malawi),Unknown,letter to Marc Caffee.doc,.doc,GLAD7 (Malawi)/,GLAD7 (Malawi)/letter to Marc Caffee.doc,
GLAD7 (Malawi),Unknown,logged cumulative depth.xls,.xls,GLAD7 (Malawi)/,GLAD7 (Malawi)/logged cumulative depth.xls,
GLAD7 (Malawi),Unknown,malawi_SRTM_bath.gif,.gif,GLAD7 (Malawi)/,GLAD7 (Malawi)/malawi_SRTM_bath.gif,
GLAD7 (Malawi),Unknown,sample list blank sheet.xls,.xls,GLAD7 (Malawi)/,GLAD7 (Malawi)/sample list blank sheet.xls,
GLAD7 (Malawi),Unknown,GLAD7 sampling_20070109.xls,.xls,GLAD7 (Malawi)/sample requests/,GLAD7 (Malawi)/sample requests/GLAD7 sampling_20070109.xls,
GLAD7 (Malawi),Unknown,GLAD7JohnsonTEX86.xls,.xls,GLAD7 (Malawi)/sample requests/,GLAD7 (Malawi)/sample requests/GLAD7JohnsonTEX86.xls,
GLAD7 (Malawi),Unknown,LacCore_SRF_part2of2 Nov 2006.xls,.xls,GLAD7 (Malawi)/sample requests/GLAD7_Beuning_pollen_20061103/,GLAD7 (Malawi)/sample requests/GLAD7_Beuning_pollen_20061103/LacCore_SRF_part2of2 Nov 2006.xls,
GLAD7 (Malawi),Unknown,LacCore_GLAD7_SRF_part1of2.doc,.doc,GLAD7 (Malawi)/sample requests/GLAD7_Petrick_C14_20090302/,GLAD7 (Malawi)/sample requests/GLAD7_Petrick_C14_20090302/LacCore_GLAD7_SRF_part1of2.doc,
GLAD7 (Malawi),Unknown,LacCore_GLAD7_SRF_part2of2 ETB.xls,.xls,GLAD7 (Malawi)/sample requests/GLAD7_Petrick_C14_20090302/,GLAD7 (Malawi)/sample requests/GLAD7_Petrick_C14_20090302/LacCore_GLAD7_SRF_part2of2 ETB.xls,
GLAD7 (Malawi),Unknown,GLAD7_Stone_diatoms_20061026.xls,.xls,GLAD7 (Malawi)/sample requests/GLAD7_Stone_diatoms_20061026/,GLAD7 (Malawi)/sample requests/GLAD7_Stone_diatoms_20061026/GLAD7_Stone_diatoms_20061026.xls,
GLAD7 (Malawi),Unknown,LacCore_SRF_part2of2_Abbott_20090917.xls,.xls,GLAD7 (Malawi)/sample requests/,GLAD7 (Malawi)/sample requests/LacCore_SRF_part2of2_Abbott_20090917.xls,
GLAD7 (Malawi),Unknown,LacCore_SRF_part2of2complete_Ivory.xls,.xls,GLAD7 (Malawi)/sample requests/,GLAD7 (Malawi)/sample requests/LacCore_SRF_part2of2complete_Ivory.xls,
GLAD7 (Malawi),Unknown,MAL05-TCJ-sampls.xls,.xls,GLAD7 (Malawi)/sample requests/,GLAD7 (Malawi)/sample requests/MAL05-TCJ-sampls.xls,
GLAD7 (Malawi),Unknown,MALsamples4_15to4_17.xlsx,.xlsx,GLAD7 (Malawi)/sample requests/,GLAD7 (Malawi)/sample requests/MALsamples4_15to4_17.xlsx,
GLAD7 (Malawi),Unknown,MW LacCore_SRF_part2of2.xls,.xls,GLAD7 (Malawi)/sample requests/,GLAD7 (Malawi)/sample requests/MW LacCore_SRF_part2of2.xls,
GLAD7 (Malawi),Unknown,SRF2_GLAD7_Scholz_20070112.xls,.xls,GLAD7 (Malawi)/sample requests/,GLAD7 (Malawi)/sample requests/SRF2_GLAD7_Scholz_20070112.xls,
GLAD7 (Malawi),Unknown,Johnson_SRF_part1of2.doc,.doc,GLAD7 (Malawi)/sample requests/SRF_GLAD7_Johnson_20081201/,GLAD7 (Malawi)/sample requests/SRF_GLAD7_Johnson_20081201/Johnson_SRF_part1of2.doc,
GLAD7 (Malawi),Unknown,Johnson_SRF_part2of2.doc,.doc,GLAD7 (Malawi)/sample requests/SRF_GLAD7_Johnson_20081201/,GLAD7 (Malawi)/sample requests/SRF_GLAD7_Johnson_20081201/Johnson_SRF_part2of2.doc,
GLAD7 (Malawi),Unknown,LacCore_SRF_part2of2_GLAD7_Johnson_20081201.xls,.xls,GLAD7 (Malawi)/sample requests/SRF_GLAD7_Johnson_20081201/,GLAD7 (Malawi)/sample requests/SRF_GLAD7_Johnson_20081201/LacCore_SRF_part2of2_GLAD7_Johnson_20081201.xls,
GLAD7 (Malawi),Images,GLAD7-MAL05-1B-42E-2 copy.bmp,.bmp,GLAD7 (Malawi)/sample requests/SRF_GLAD7_Johnson_20081201/images/,GLAD7 (Malawi)/sample requests/SRF_GLAD7_Johnson_20081201/images/GLAD7-MAL05-1B-42E-2 copy.bmp,http://opencoredata.org/voc/csdco/v1/Image
GLAD7 (Malawi),Images,GLAD7-MAL05-1B-42E-3 copy.bmp,.bmp,GLAD7 (Malawi)/sample requests/SRF_GLAD7_Johnson_20081201/images/,GLAD7 (Malawi)/sample requests/SRF_GLAD7_Johnson_20081201/images/GLAD7-MAL05-1B-42E-3 copy.bmp,http://opencoredata.org/voc/csdco/v1/Image
GLAD7 (Malawi),Images,GLAD7-MAL05-1B-43E-2 copy.bmp,.bmp,GLAD7 (Malawi)/sample requests/SRF_GLAD7_Johnson_20081201/images/,GLAD7 (Malawi)/sample requests/SRF_GLAD7_Johnson_20081201/images/GLAD7-MAL05-1B-43E-2 copy.bmp,http://opencoredata.org/voc/csdco/v1/Image
GLAD7 (Malawi),Images,GLAD7-MAL05-1B-44E-4 copy.bmp,.bmp,GLAD7 (Malawi)/sample requests/SRF_GLAD7_Johnson_20081201/images/,GLAD7 (Malawi)/sample requests/SRF_GLAD7_Johnson_20081201/images/GLAD7-MAL05-1B-44E-4 copy.bmp,http://opencoredata.org/voc/csdco/v1/Image
GLAD7 (Malawi),Images,GLAD7-MAL05-1B-45E-2 copy.bmp,.bmp,GLAD7 (Malawi)/sample requests/SRF_GLAD7_Johnson_20081201/images/,GLAD7 (Malawi)/sample requests/SRF_GLAD7_Johnson_20081201/images/GLAD7-MAL05-1B-45E-2 copy.bmp,http://opencoredata.org/voc/csdco/v1/Image
GLAD7 (Malawi),Unknown,ptf-Johnson_GLAD7_20081201.doc,.doc,GLAD7 (Malawi)/sample requests/SRF_GLAD7_Johnson_20081201/,GLAD7 (Malawi)/sample requests/SRF_GLAD7_Johnson_20081201/ptf-Johnson_GLAD7_20081201.doc,
GLAD7 (Malawi),Unknown,~$hnson_SRF_part1of2.doc,.doc,GLAD7 (Malawi)/sample requests/SRF_GLAD7_Johnson_20081201/,GLAD7 (Malawi)/sample requests/SRF_GLAD7_Johnson_20081201/~$hnson_SRF_part1of2.doc,
GLAD7 (Malawi),Unknown,split core count.xls,.xls,GLAD7 (Malawi)/,GLAD7 (Malawi)/split core count.xls,
GLAD7 (Malawi),Unknown,supplies needs.xls,.xls,GLAD7 (Malawi)/,GLAD7 (Malawi)/supplies needs.xls,
